<botcomponent schemaname="new_topic_9bc2aaf926fd465386e2a90a863210e9_85df75ce08a44a9b82cc8f3fdb25f669">
  <componenttype>0</componenttype>
  <description>Lesson 4 - This lesson continues to show you how you can create a topic with a conditional branch, variable, and custom entity.  

In particular it will allow an entity to bypass a follow up question. For instance, try testing with "I want a business laptop."</description>
  <iscustomizable>1</iscustomizable>
  <name>Example - A topic with a condition, variables and custom entity.</name>
  <statecode>0</statecode>
  <statuscode>1</statuscode>
</botcomponent>